{"aalii" ,"Aalto" ,"Aaron" ,"abaca" ,"aback" ,"abaft" ,"abamp" ,"abase" ,"abash" ,"abate" ,"abaya" ,"abbey" ,"abbot" ,"abeam" ,"abele" ,"abhor" ,"abide" ,"Abies" ,"Abila" ,"abode" ,"abohm" ,"abort" ,"about" ,"above" ,"Abuja" ,"abuse" ,"abuzz" ,"Abyla" ,"abysm" ,"abyss" ,"Accho" ,"Accra" ,"acerb" ,"ackee" ,"acned" ,"acold" ,"acorn" ,"acres" ,"acrid" ,"Acris" ,"actin" ,"actor" ,"acute" ,"adage" ,"Adams" ,"Adana" ,"Adapa" ,"adapt" ,"addax" ,"added" ,"adder" ,"addle" ,"adept" ,"adieu" ,"Adige" ,"adios" ,"Aditi" ,"adman" ,"admit" ,"admix" ,"adobe" ,"adobo" ,"adopt" ,"adore" ,"adorn" ,"adult" ,"adust" ,"Advil" ,"Aedes" ,"aegir" ,"aegis" ,"aerie" ,"Aesir" ,"Aesop" ,"affix" ,"AFISR" ,"afoot" ,"AFSPC" ,"after" ,"again" ,"agama" ,"agape" ,"agate" ,"agave" ,"agaze" ,"Agene" ,"agent" ,"aggro" ,"Aghan" ,"agile" ,"aging" ,"agism" ,"aglet" ,"agone" ,"agony" ,"agora" ,"agree" ,"ahead" ,"Ahura" ,"aided" ,"Aides" ,"Aiken" ,"Ailey" ,"aioli" ,"aired" ,"aisle" ,"Ajaia" ,"Ajuga" ,"Akaba" ,"Akron" ,"Alamo" ,"alarm" ,"alary" ,"alate" ,"Albee" ,"album" ,"Alcea" ,"Alces" ,"alder" ,"aldol" ,"aleph" ,"alert" ,"Aleut" ,"Aleve" ,"algae" ,"algal" ,"Alger" ,"algid" ,"algin" ,"ALGOL" ,"alias" ,"alibi" ,"alien" ,"align" ,"alike" ,"aline" ,"alive" ,"alkyd" ,"alkyl" ,"Allah" ,"allay" ,"Allen" ,"alley" ,"allis" ,"allot" ,"allow" ,"alloy" ,"allyl" ,"Alnus" ,"aloes" ,"aloft" ,"aloha" ,"alone" ,"along" ,"aloof" ,"Alosa" ,"Alost" ,"aloud" ,"alpha" ,"altar" ,"alter" ,"alula" ,"amain" ,"amass" ,"Amati" ,"amaze" ,"amber" ,"ambit" ,"amble" ,"ameba" ,"ameer" ,"amend" ,"ament" ,"amide" ,"amigo" ,"amine" ,"amino" ,"Amish" ,"amiss" ,"amity" ,"Amman" ,"amnic" ,"amnio" ,"amora" ,"amort" ,"amour" ,"ample" ,"amply" ,"ampul" ,"amuck" ,"AMusD" ,"amuse" ,"Anasa" ,"Andes" ,"anele" ,"Angas" ,"Angel" ,"anger" ,"angle" ,"angry" ,"Angst" ,"Angus" ,"anile" ,"anima" ,"anime" ,"anion" ,"anise" ,"anjou" ,"ankle" ,"Annam" ,"annex" ,"annoy" ,"annul" ,"annum" ,"Annwn" ,"anode" ,"anole" ,"anomy" ,"ANOVA" ,"Anser" ,"antic" ,"Antum" ,"Anura" ,"anvil" ,"Anzio" ,"aorta" ,"Aotus" ,"apace" ,"apart" ,"apery" ,"aphid" ,"Aphis" ,"apian" ,"Apios" ,"apish" ,"Apium" ,"apnea" ,"appal" ,"apple" ,"apply" ,"appro" ,"April" ,"apron" ,"apsis" ,"aptly" ,"Aqaba" ,"arame" ,"Arava" ,"Arawn" ,"arbor" ,"arced" ,"arcus" ,"Ardea" ,"ardeb" ,"ardor" ,"areal" ,"areca" ,"arena" ,"arere" ,"arete" ,"argal" ,"argil" ,"argon" ,"Argos" ,"argot" ,"argue" ,"argus" ,"Arhat" ,"Arhus" ,"Aries" ,"arise" ,"Arius" ,"armed" ,"armet" ,"Armin" ,"armor" ,"aroid" ,"aroma" ,"arras" ,"array" ,"arrow" ,"arson" ,"ArtsD" ,"Aruba" ,"Arulo" ,"Aruru" ,"Aryan" ,"ASALA" ,"Asama" ,"asana" ,"Asarh" ,"ASCII" ,"ascot" ,"ascus" ,"asdic" ,"ASEAN" ,"ashen" ,"Ashir" ,"Ashur" ,"Asian" ,"aside" ,"asker" ,"askew" ,"aspen" ,"asper" ,"aspic" ,"Aspis" ,"Assam" ,"assay" ,"asset" ,"Assur" ,"aster" ,"Astor" ,"Asura" ,"Aswan" ,"ataxy" ,"athar" ,"Athos" ,"atilt" ,"atlas" ,"atole" ,"atoll" ,"atone" ,"atony" ,"atopy" ,"atrip" ,"attar" ,"attic" ,"audad" ,"Auden" ,"audio" ,"audit" ,"auger" ,"aught" ,"augur" ,"aunty" ,"aural" ,"aurar" ,"auric" ,"auxin" ,"Avahi" ,"avail" ,"Avena" ,"avens" ,"avert" ,"avian" ,"avoid" ,"await" ,"awake" ,"award" ,"aware" ,"awful" ,"awing" ,"awned" ,"axial" ,"axile" ,"axiom" ,"axone" ,"Azeri" ,"azide" ,"azido" ,"azoic" ,"azote" ,"Aztec" ,"azure" ,"Babar" ,"Babel" ,"babka" ,"baboo" ,"bacca" ,"baccy" ,"bacon" ,"badge" ,"badly" ,"Baeda" ,"bagel" ,"baggy" ,"Bahai" ,"bairn" ,"baisa" ,"baiza" ,"baize" ,"baked" ,"baker" ,"balas" ,"Baldr" ,"baldy" ,"balky" ,"balmy" ,"balsa" ,"banal" ,"banch" ,"bandy" ,"Banff" ,"banjo" ,"Banks" ,"banns" ,"Bantu" ,"barbu" ,"bared" ,"barge" ,"baric" ,"barky" ,"barmy" ,"baron" ,"Barth" ,"barye" ,"basal" ,"based" ,"Basel" ,"Basia" ,"basic" ,"basil" ,"basin" ,"basis" ,"Basle" ,"Basra" ,"basso" ,"baste" ,"batch" ,"bated" ,"bathe" ,"batik" ,"Batis" ,"Batna" ,"baton" ,"batty" ,"baulk" ,"bawdy" ,"bayat" ,"Bayer" ,"Bayes" ,"bayou" ,"bazar" ,"beach" ,"beads" ,"beady" ,"beamy" ,"beano" ,"beany" ,"beard" ,"beast" ,"beats" ,"beaut" ,"bebop" ,"bedew" ,"bedim" ,"beech" ,"beefy" ,"beery" ,"befit" ,"befog" ,"beget" ,"Begin" ,"begum" ,"beige" ,"being" ,"Beira" ,"Belau" ,"belay" ,"belch" ,"Belem" ,"belie" ,"belle" ,"belly" ,"below" ,"bench" ,"bends" ,"Benet" ,"Benin" ,"benne" ,"benni" ,"Benny" ,"Bercy" ,"beret" ,"Beria" ,"Berit" ,"Berne" ,"beroe" ,"Berra" ,"berry" ,"berth" ,"beryl" ,"beset" ,"besom" ,"besot" ,"betel" ,"Bethe" ,"bevel" ,"Bevin" ,"bezel" ,"Bhaga" ,"bhang" ,"bialy" ,"bible" ,"Bibos" ,"biddy" ,"bidet" ,"bifid" ,"bight" ,"bigos" ,"bigot" ,"Bihar" ,"bijou" ,"bilby" ,"bilge" ,"bilgy" ,"billy" ,"bimbo" ,"bimli" ,"Binet" ,"binge" ,"bingo" ,"Bioko" ,"biome" ,"biont" ,"biota" ,"biped" ,"birch" ,"birle" ,"birth" ,"bison" ,"bitch" ,"biter" ,"Bitis" ,"bitok" ,"bitty" ,"Bizet" ,"black" ,"blade" ,"blahs" ,"blain" ,"Blair" ,"Blake" ,"blame" ,"bland" ,"blank" ,"blare" ,"blase" ,"blast" ,"blate" ,"blaze" ,"bleak" ,"blear" ,"bleat" ,"bleed" ,"bleep" ,"blend" ,"bless" ,"blest" ,"Blida" ,"Bligh" ,"blimp" ,"blind" ,"blini" ,"blink" ,"bliny" ,"bliss" ,"BLitt" ,"blitz" ,"bloat" ,"Bloch" ,"block" ,"bloke" ,"blond" ,"blood" ,"bloom" ,"blown" ,"blowy" ,"blues" ,"bluff" ,"blunt" ,"blurb" ,"blurt" ,"blush" ,"Boann" ,"board" ,"boast" ,"bobby" ,"bocce" ,"bocci" ,"Boche" ,"Boehm" ,"boeuf" ,"bogey" ,"boggy" ,"bogie" ,"bogus" ,"Bohme" ,"Boise" ,"bolti" ,"bolus" ,"bonce" ,"boned" ,"boner" ,"bones" ,"boney" ,"bongo" ,"bonny" ,"bonus" ,"booby" ,"Boole" ,"Boone" ,"boost" ,"booth" ,"booty" ,"booze" ,"boozy" ,"borax" ,"bored" ,"borer" ,"boric" ,"boron" ,"borsh" ,"Bosch" ,"bosie" ,"bosky" ,"bosom" ,"boson" ,"bossy" ,"bosun" ,"botch" ,"Botox" ,"bough" ,"boule" ,"bound" ,"bourn" ,"bouse" ,"bovid" ,"bowed" ,"bowel" ,"bower" ,"Bowie" ,"bowls" ,"bowse" ,"boxed" ,"boxer" ,"Boyle" ,"Boyne" ,"brace" ,"bract" ,"Brady" ,"Braga" ,"Brage" ,"Bragg" ,"Bragi" ,"braid" ,"brail" ,"brain" ,"brake" ,"braky" ,"Brama" ,"brand" ,"brant" ,"brash" ,"brass" ,"Braun" ,"brave" ,"bravo" ,"brawl" ,"brawn" ,"braze" ,"bread" ,"break" ,"bream" ,"breed" ,"Breiz" ,"brent" ,"Brest" ,"breve" ,"briar" ,"bribe" ,"brick" ,"bride" ,"brief" ,"brier" ,"brill" ,"brine" ,"bring" ,"brink" ,"briny" ,"brisk" ,"Briss" ,"Brith" ,"Brits" ,"britt" ,"broad" ,"Broca" ,"broil" ,"broke" ,"brome" ,"bronc" ,"Bronx" ,"brood" ,"brook" ,"broom" ,"broth" ,"Brown" ,"Bruce" ,"Bruch" ,"bruin" ,"bruit" ,"Brunn" ,"Bruno" ,"brunt" ,"Brusa" ,"brush" ,"brusk" ,"brute" ,"Bryan" ,"Bryum" ,"Buber" ,"buddy" ,"Budge" ,"buggy" ,"bugle" ,"build" ,"built" ,"bulge" ,"bulgy" ,"bulky" ,"bulla" ,"bully" ,"bumph" ,"bumpy" ,"bunce" ,"bunch" ,"bunco" ,"bunko" ,"bunny" ,"buret" ,"burgh" ,"burin" ,"burka" ,"Burke" ,"burly" ,"Burma" ,"Burns" ,"burnt" ,"burqa" ,"burro" ,"burry" ,"bursa" ,"burst" ,"busby" ,"bushy" ,"busty" ,"butat" ,"butch" ,"Butea" ,"Buteo" ,"Butte" ,"butty" ,"butut" ,"butyl" ,"buxom" ,"Buxus" ,"buyer" ,"bylaw" ,"Byron" ,"byway" ,"Caaba" ,"cabal" ,"cabby" ,"caber" ,"cabin" ,"cable" ,"Cabot" ,"cacao" ,"cache" ,"Cachi" ,"Caddo" ,"caddy" ,"cadet" ,"cadge" ,"Cadiz" ,"Cadra" ,"cadre" ,"cager" ,"cagey" ,"cairn" ,"Cairo" ,"Cajun" ,"Calan" ,"calif" ,"Calla" ,"Calpe" ,"calve" ,"calyx" ,"camas" ,"camel" ,"cameo" ,"campy" ,"Camus" ,"canal" ,"candy" ,"canid" ,"Canis" ,"canna" ,"canny" ,"canoe" ,"canon" ,"canto" ,"canty" ,"Capek" ,"caper" ,"Capet" ,"capiz" ,"capon" ,"Capra" ,"Capri" ,"caput" ,"carat" ,"cards" ,"caret" ,"Carew" ,"Carex" ,"cargo" ,"Carib" ,"carob" ,"carol" ,"carom" ,"carry" ,"carte" ,"Carum" ,"carve" ,"Carya" ,"cased" ,"caste" ,"catch" ,"cater" ,"Catha" ,"catty" ,"cauda" ,"caulk" ,"causa" ,"cause" ,"Cavia" ,"cavil" ,"cavum" ,"cease" ,"Cebus" ,"cecal" ,"cecum" ,"cedar" ,"Ceiba" ,"ceibo" ,"cello" ,"celom" ,"cense" ,"ceras" ,"Ceres" ,"ceric" ,"Cetus" ,"chafe" ,"chaff" ,"Chaga" ,"chain" ,"chair" ,"Chait" ,"chaja" ,"chalk" ,"champ" ,"Chang" ,"chant" ,"chaos" ,"Chara" ,"chard" ,"Chari" ,"charm" ,"chart" ,"chary" ,"chase" ,"chasm" ,"cheap" ,"cheat" ,"check" ,"cheek" ,"cheep" ,"cheer" ,"chela" ,"chert" ,"chess" ,"chest" ,"chevy" ,"Chewa" ,"chewy" ,"Chian" ,"chick" ,"Chico" ,"chide" ,"chief" ,"child" ,"chile" ,"chili" ,"chill" ,"chime" ,"chimp" ,"china" ,"chine" ,"chink" ,"chino" ,"Chios" ,"chirk" ,"chirp" ,"chirr" ,"chive" ,"chivy" ,"chock" ,"choir" ,"choke" ,"choky" ,"chomp" ,"chord" ,"chore" ,"chuck" ,"chufa" ,"chuff" ,"chump" ,"chunk" ,"churl" ,"churn" ,"churr" ,"chute" ,"chyle" ,"chyme" ,"Cicer" ,"cider" ,"cigar" ,"Cimex" ,"cinch" ,"Cipro" ,"Circe" ,"cirio" ,"cisco" ,"cissy" ,"civet" ,"civic" ,"civil" ,"clack" ,"clade" ,"claim" ,"clamp" ,"clams" ,"clang" ,"clank" ,"Clark" ,"claro" ,"clary" ,"clash" ,"clasp" ,"class" ,"clast" ,"clean" ,"clear" ,"cleat" ,"cleft" ,"clegg" ,"clerk" ,"clews" ,"click" ,"cliff" ,"climb" ,"clime" ,"Cline" ,"cling" ,"clink" ,"Clive" ,"cloak" ,"clock" ,"clomp" ,"clone" ,"close" ,"cloth" ,"cloud" ,"clout" ,"clove" ,"clown" ,"cloze" ,"cluck" ,"clump" ,"clunk" ,"clxxv" ,"clxxx" ,"coach" ,"coact" ,"coapt" ,"coast" ,"coati" ,"cobia" ,"COBOL" ,"cobra" ,"cocci" ,"cocky" ,"cocoa" ,"Cocos" ,"Cocus" ,"coder" ,"codex" ,"codon" ,"Cohan" ,"cohoe" ,"coign" ,"colic" ,"colly" ,"colon" ,"color" ,"colza" ,"comal" ,"combo" ,"comer" ,"comet" ,"comfy" ,"comic" ,"comma" ,"Comte" ,"conch" ,"condo" ,"coney" ,"conga" ,"conge" ,"congo" ,"conic" ,"Conoy" ,"conto" ,"Cooke" ,"cooky" ,"cooly" ,"Coosa" ,"copal" ,"copra" ,"copse" ,"coral" ,"cords" ,"corer" ,"corgi" ,"corky" ,"cornu" ,"corny" ,"Corot" ,"corps" ,"Corse" ,"cosec" ,"cosey" ,"costa" ,"costs" ,"cotan" ,"couch" ,"cough" ,"count" ,"coupe" ,"court" ,"couth" ,"coven" ,"cover" ,"covet" ,"covey" ,"cowed" ,"cower" ,"cowry" ,"coyly" ,"coyol" ,"coypu" ,"cozen" ,"cozey" ,"cozie" ,"crabs" ,"crack" ,"craft" ,"crake" ,"cramp" ,"crane" ,"crank" ,"crape" ,"craps" ,"crash" ,"crass" ,"crate" ,"crave" ,"crawl" ,"craze" ,"crazy" ,"creak" ,"cream" ,"Crecy" ,"credo" ,"creed" ,"creek" ,"creel" ,"creep" ,"Creon" ,"crepe" ,"cress" ,"crest" ,"Crete" ,"Crick" ,"crier" ,"crime" ,"crimp" ,"crisp" ,"crith" ,"Crius" ,"croak" ,"Croat" ,"crock" ,"croft" ,"Crohn" ,"crone" ,"cronk" ,"crony" ,"crook" ,"croon" ,"crore" ,"cross" ,"croup" ,"crowd" ,"crown" ,"crude" ,"cruel" ,"cruet" ,"crumb" ,"crump" ,"cruse" ,"crush" ,"crust" ,"crypt" ,"ctene" ,"Cuban" ,"cubby" ,"cubeb" ,"cubic" ,"cubit" ,"cuddy" ,"cuffs" ,"Culex" ,"cumin" ,"cupel" ,"Cupid" ,"cuppa" ,"cured" ,"curet" ,"Curia" ,"Curie" ,"curio" ,"curly" ,"curry" ,"curse" ,"curst" ,"curve" ,"curvy" ,"Cusco" ,"cushy" ,"cutch" ,"cutis" ,"Cuzco" ,"cxxxv" ,"cycad" ,"Cycas" ,"cycle" ,"cyder" ,"cylix" ,"Cymru" ,"cynic" ,"cypre" ,"Cyrus" ,"Czech" ,"Dacca" ,"dacha" ,"daddy" ,"Daffo" ,"Dafla" ,"Dagan" ,"Dagda" ,"dagga" ,"Dagon" ,"daily" ,"dairy" ,"daisy" ,"Dakar" ,"Dalea" ,"dally" ,"damar" ,"Damon" ,"dance" ,"dandy" ,"Dante" ,"daraf" ,"darky" ,"DARPA" ,"darts" ,"dated" ,"datum" ,"daunt" ,"David" ,"Davis" ,"davit" ,"Davys" ,"dawah" ,"Dawes" ,"Dayan" ,"dazed" ,"deary" ,"death" ,"debar" ,"debit" ,"debug" ,"debut" ,"decaf" ,"decal" ,"decay" ,"decor" ,"decoy" ,"decry" ,"deeds" ,"Deere" ,"defer" ,"Defoe" ,"degas" ,"deice" ,"deify" ,"deign" ,"deism" ,"deist" ,"deity" ,"dekko" ,"delay" ,"delft" ,"Delhi" ,"delta" ,"delve" ,"demob" ,"demon" ,"demur" ,"Deneb" ,"denim" ,"dense" ,"depot" ,"depth" ,"derby" ,"derma" ,"desex" ,"deter" ,"detox" ,"deuce" ,"devil" ,"Devon" ,"Dewar" ,"Dewey" ,"Dhaka" ,"dhava" ,"dhawa" ,"dhole" ,"dhoti" ,"Diana" ,"diary" ,"diazo" ,"dicer" ,"dicey" ,"dicky" ,"dicot" ,"digit" ,"Dijon" ,"dildo" ,"dimer" ,"dimly" ,"dinar" ,"diner" ,"dinge" ,"dingo" ,"dingy" ,"Dinka" ,"dinky" ,"diode" ,"dioon" ,"Dipus" ,"Dirac" ,"Dirca" ,"dirge" ,"dirty" ,"disco" ,"dishy" ,"ditch" ,"ditto" ,"ditty" ,"divan" ,"diver" ,"divot" ,"divvy" ,"diwan" ,"dixie" ,"dizen" ,"dizzy" ,"dobra" ,"dodge" ,"dodgy" ,"doggo" ,"doggy" ,"dogie" ,"dogma" ,"doily" ,"Dolby" ,"dolce" ,"dolly" ,"dolor" ,"domed" ,"Donar" ,"donee" ,"donna" ,"Donne" ,"donor" ,"donut" ,"doped" ,"dopey" ,"Doric" ,"Doris" ,"dormy" ,"dosed" ,"dotty" ,"doubt" ,"dough" ,"doura" ,"douse" ,"Dover" ,"dowdy" ,"dowel" ,"dower" ,"downy" ,"dowry" ,"dowse" ,"doyen" ,"doyly" ,"dozen" ,"dozer" ,"DPhil" ,"draba" ,"Draco" ,"draft" ,"drain" ,"drake" ,"drama" ,"drape" ,"drawl" ,"drawn" ,"dread" ,"dream" ,"drear" ,"dreck" ,"dregs" ,"dress" ,"dried" ,"drier" ,"drift" ,"drill" ,"drily" ,"drink" ,"drive" ,"droll" ,"drone" ,"drool" ,"droop" ,"dross" ,"drove" ,"drown" ,"druid" ,"drunk" ,"drupe" ,"Druse" ,"Druze" ,"dryad" ,"Dryas" ,"dryer" ,"dryly" ,"Dubai" ,"Dubya" ,"ducal" ,"ducat" ,"duchy" ,"ducky" ,"Dukas" ,"dully" ,"dulse" ,"Dumas" ,"dummy" ,"dumps" ,"dumpy" ,"dunce" ,"duple" ,"dural" ,"Durer" ,"Durga" ,"Durio" ,"durra" ,"durum" ,"dusky" ,"dusty" ,"Dutch" ,"duvet" ,"dwarf" ,"dweeb" ,"dwell" ,"Dyaus" ,"dying" ,"Dylan" ,"eager" ,"eagle" ,"eagre" ,"Eames" ,"eared" ,"early" ,"earth" ,"eased" ,"easel" ,"eaten" ,"eater" ,"eaves" ,"eblis" ,"Ebola" ,"ebony" ,"eclat" ,"edema" ,"Edgar" ,"edged" ,"edger" ,"edict" ,"edify" ,"educe" ,"Edwin" ,"eerie" ,"egest" ,"eggar" ,"egger" ,"egret" ,"Egypt" ,"eider" ,"eidos" ,"Eigen" ,"Eight" ,"eject" ,"Ekman" ,"eland" ,"elate" ,"elbow" ,"elder" ,"elect" ,"elegy" ,"elemi" ,"elfin" ,"Elgar" ,"elide" ,"ELINT" ,"Eliot" ,"ELISA" ,"elite" ,"Ellas" ,"Ellul" ,"elope" ,"Elops" ,"elude" ,"elute" ,"elver" ,"elves" ,"Elvis" ,"email" ,"embed" ,"ember" ,"emcee" ,"emeer" ,"emend" ,"emery" ,"Emile" ,"emmer" ,"emmet" ,"emote" ,"empty" ,"enact" ,"enate" ,"ended" ,"endow" ,"endue" ,"enema" ,"enemy" ,"Enets" ,"enjoy" ,"Enlil" ,"ennui" ,"enrol" ,"Ensis" ,"ensky" ,"ensue" ,"enter" ,"entry" ,"Entsi" ,"Entsy" ,"Enuki" ,"envoi" ,"envoy" ,"Eolic" ,"eosin" ,"ephah" ,"epoch" ,"Epona" ,"epoxy" ,"EPROM" ,"equal" ,"equid" ,"equip" ,"Equus" ,"erase" ,"Erato" ,"erect" ,"ergot" ,"erica" ,"Ernst" ,"erode" ,"erose" ,"error" ,"Eruca" ,"eruct" ,"erupt" ,"Esaki" ,"esker" ,"Espoo" ,"essay" ,"Essen" ,"Essex" ,"ester" ,"ether" ,"ethic" ,"ethos" ,"ethyl" ,"etude" ,"Euler" ,"evade" ,"Evans" ,"Evenk" ,"event" ,"Evers" ,"Evert" ,"evict" ,"evoke" ,"exact" ,"exalt" ,"excel" ,"exert" ,"exile" ,"exist" ,"exode" ,"expel" ,"extol" ,"extra" ,"exude" ,"exult" ,"eyrie" ,"eyrir" ,"fable" ,"faced" ,"facer" ,"facet" ,"facia" ,"faddy" ,"faded" ,"faery" ,"Fagin" ,"fagot" ,"Fagus" ,"faint" ,"fairy" ,"faith" ,"faker" ,"fakir" ,"Falco" ,"Falla" ,"falls" ,"false" ,"famed" ,"fancy" ,"fanny" ,"faqir" ,"farad" ,"farce" ,"Fargo" ,"Farsi" ,"Fatah" ,"fatal" ,"fated" ,"Fates" ,"fatso" ,"fatty" ,"fatwa" ,"fauld" ,"fault" ,"fauna" ,"Faust" ,"Fauve" ,"favor" ,"favus" ,"fazed" ,"feast" ,"fecal" ,"feces" ,"feign" ,"feint" ,"feist" ,"felid" ,"Felis" ,"fella" ,"felly" ,"felon" ,"femur" ,"fence" ,"feoff" ,"feral" ,"feria" ,"Fermi" ,"ferny" ,"ferry" ,"fesse" ,"fetal" ,"fetch" ,"fetid" ,"fetor" ,"fetus" ,"fever" ,"fewer" ,"FHLMC" ,"fiber" ,"fibre" ,"fichu" ,"Ficus" ,"field" ,"fiend" ,"fiery" ,"fifth" ,"fifty" ,"fight" ,"Fijis" ,"filar" ,"filch" ,"filer" ,"filet" ,"fille" ,"filly" ,"filmy" ,"filth" ,"filum" ,"final" ,"finch" ,"fined" ,"finer" ,"finis" ,"fiord" ,"fired" ,"first" ,"firth" ,"fishy" ,"fitch" ,"fitly" ,"fiver" ,"fives" ,"fixed" ,"fixer" ,"fizzy" ,"fjord" ,"flack" ,"flail" ,"flair" ,"flake" ,"flaky" ,"flame" ,"flank" ,"flaps" ,"flare" ,"flash" ,"flask" ,"flats" ,"fleck" ,"fleet" ,"flesh" ,"FLETC" ,"flick" ,"flier" ,"flies" ,"fling" ,"Flint" ,"flirt" ,"float" ,"flock" ,"flood" ,"floor" ,"flora" ,"Flory" ,"floss" ,"flour" ,"flout" ,"fluff" ,"fluid" ,"fluke" ,"fluky" ,"flume" ,"flump" ,"flunk" ,"fluor" ,"flush" ,"flute" ,"flyer" ,"foamy" ,"focal" ,"focus" ,"foehn" ,"fogey" ,"foggy" ,"foist" ,"folie" ,"folio" ,"folks" ,"folly" ,"Fomes" ,"Fomor" ,"Fonda" ,"fondu" ,"foram" ,"foray" ,"force" ,"forge" ,"forgo" ,"forte" ,"forth" ,"forty" ,"forum" ,"fossa" ,"fosse" ,"found" ,"fount" ,"fovea" ,"foyer" ,"frail" ,"frame" ,"franc" ,"frank" ,"fraud" ,"freak" ,"freed" ,"fresh" ,"fress" ,"Freud" ,"Freya" ,"Freyr" ,"friar" ,"Frick" ,"fried" ,"frier" ,"fries" ,"Frigg" ,"frill" ,"frisk" ,"frizz" ,"frock" ,"frogs" ,"frond" ,"front" ,"frore" ,"Frost" ,"froth" ,"frown" ,"fruit" ,"frump" ,"fryer" ,"Fuchs" ,"fucus" ,"fudge" ,"Fuego" ,"fugal" ,"fuggy" ,"fugue" ,"Fulah" ,"Fulbe" ,"fully" ,"fumed" ,"fumes" ,"funds" ,"fungi" ,"Funka" ,"funky" ,"funny" ,"Fuqra" ,"furan" ,"furor" ,"furry" ,"furze" ,"fused" ,"fusee" ,"fusil" ,"fussy" ,"fusty" ,"futon" ,"fuzee" ,"fuzzy" ,"gabby" ,"gable" ,"Gabon" ,"Gabor" ,"Gabun" ,"gaddi" ,"Gadus" ,"gaffe" ,"Gafsa" ,"gaily" ,"Gaius" ,"Galan" ,"galax" ,"galea" ,"Galen" ,"gamey" ,"gamin" ,"gamma" ,"gammy" ,"Gamow" ,"gamut" ,"ganef" ,"ganja" ,"ganof" ,"Gansu" ,"Garbo" ,"gassy" ,"Gates" ,"gator" ,"Gaudi" ,"gaudy" ,"gauge" ,"gaunt" ,"Gauri" ,"Gauss" ,"gauze" ,"gauzy" ,"gavel" ,"Gavia" ,"gawky" ,"gayal" ,"gayly" ,"gears" ,"gecko" ,"gelid" ,"gelly" ,"gemma" ,"genet" ,"genic" ,"genie" ,"genip" ,"Genoa" ,"genre" ,"genus" ,"geode" ,"Gerea" ,"germy" ,"getup" ,"Ghana" ,"Ghent" ,"ghost" ,"ghoul" ,"giant" ,"Gibbs" ,"Gidar" ,"giddy" ,"gigot" ,"gimel" ,"ginep" ,"Gipsy" ,"Girru" ,"girth" ,"gismo" ,"given" ,"giver" ,"gizmo" ,"glace" ,"glade" ,"gland" ,"glans" ,"glare" ,"glary" ,"glass" ,"Glaux" ,"glaze" ,"gleam" ,"glean" ,"gleba" ,"glebe" ,"gleet" ,"Glenn" ,"glial" ,"glide" ,"glint" ,"glitz" ,"gloat" ,"globe" ,"glogg" ,"gloom" ,"glory" ,"gloss" ,"glove" ,"Gluck" ,"glued" ,"gluey" ,"glume" ,"gluon" ,"glute" ,"glyph" ,"gnarl" ,"gnash" ,"gnome" ,"Gobio" ,"Godel" ,"godly" ,"gofer" ,"Gogol" ,"going" ,"Golan" ,"golem" ,"Golgi" ,"Gomel" ,"gonad" ,"Gondi" ,"goner" ,"gonif" ,"Gonne" ,"goods" ,"goody" ,"gooey" ,"Goofy" ,"goony" ,"goose" ,"goosy" ,"goral" ,"gorge" ,"Gorki" ,"Gorky" ,"gorse" ,"Gouda" ,"gouge" ,"Gould" ,"gourd" ,"gouty" ,"grace" ,"grade" ,"graft" ,"grail" ,"grain" ,"grama" ,"grand" ,"grant" ,"grape" ,"graph" ,"GRAPO" ,"grapy" ,"grasp" ,"grass" ,"grate" ,"grave" ,"gravy" ,"graze" ,"great" ,"grebe" ,"Greco" ,"greed" ,"Greek" ,"green" ,"greet" ,"Grias" ,"grief" ,"Grieg" ,"grill" ,"grime" ,"Grimm" ,"grimy" ,"grind" ,"griot" ,"gripe" ,"grist" ,"grits" ,"groan" ,"groat" ,"groin" ,"groom" ,"grope" ,"gross" ,"grosz" ,"group" ,"grout" ,"grove" ,"growl" ,"grown" ,"gruel" ,"gruff" ,"grume" ,"grump" ,"grunt" ,"guama" ,"guano" ,"guard" ,"guava" ,"guess" ,"guest" ,"guide" ,"guild" ,"guile" ,"guilt" ,"guise" ,"gulag" ,"gulch" ,"gully" ,"gumbo" ,"gumma" ,"gummy" ,"gunny" ,"guppy" ,"gushy" ,"gusto" ,"gusty" ,"gutsy" ,"guyot" ,"Gwynn" ,"Gynne" ,"Gypsy" ,"gyral" ,"gyrus" ,"HAART" ,"Haber" ,"habit" ,"hacek" ,"hadal" ,"Hades" ,"hadji" ,"haick" ,"Haida" ,"Haifa" ,"haiku" ,"hairy" ,"Haiti" ,"hajji" ,"Hakea" ,"hakim" ,"Hakka" ,"halal" ,"haler" ,"Haley" ,"Halle" ,"halma" ,"halon" ,"halve" ,"Haman" ,"Hamas" ,"hammy" ,"hands" ,"Handy" ,"Hanks" ,"hanky" ,"Hanoi" ,"haoma" ,"haply" ,"happy" ,"Hardy" ,"harem" ,"Harpo" ,"harpy" ,"harry" ,"harsh" ,"Harte" ,"Hasek" ,"Hasid" ,"haste" ,"hasty" ,"hatch" ,"hated" ,"hater" ,"haulm" ,"haunt" ,"Hausa" ,"Havel" ,"haven" ,"havoc" ,"hawky" ,"hawse" ,"Haydn" ,"Hayek" ,"Hayes" ,"Hayti" ,"hazan" ,"hazel" ,"heady" ,"heaps" ,"heard" ,"heart" ,"heath" ,"heave" ,"heavy" ,"Hebei" ,"Hecht" ,"hedge" ,"hefty" ,"Hegel" ,"Heinz" ,"heist" ,"Hejaz" ,"Helen" ,"Helix" ,"hello" ,"helot" ,"helve" ,"hemal" ,"hemic" ,"hemin" ,"hence" ,"henna" ,"Henry" ,"Herat" ,"Herod" ,"heron" ,"Hertz" ,"Hesse" ,"Hevea" ,"hewer" ,"hexad" ,"hexed" ,"Heyse" ,"hijab" ,"Hijaz" ,"hiker" ,"hilar" ,"hills" ,"hilly" ,"hilum" ,"hilus" ,"Hindi" ,"Hindu" ,"hinge" ,"hinny" ,"hippo" ,"hippy" ,"hired" ,"hirer" ,"hitch" ,"hives" ,"hoagy" ,"hoard" ,"hoary" ,"Hobbs" ,"hobby" ,"Hoder" ,"Hoffa" ,"hogan" ,"hoist" ,"Hokan" ,"hokey" ,"hokum" ,"holey" ,"holla" ,"hollo" ,"Holly" ,"Homel" ,"homer" ,"homey" ,"Hondo" ,"honey" ,"honky" ,"honor" ,"hooch" ,"hooey" ,"Hooke" ,"hooks" ,"hooky" ,"hoops" ,"Hopeh" ,"Hopei" ,"hoper" ,"horde" ,"horny" ,"horse" ,"horst" ,"Horta" ,"Horus" ,"Hosea" ,"Hosta" ,"Hotei" ,"hotel" ,"Hothr" ,"hotly" ,"hound" ,"houri" ,"hours" ,"house" ,"hovea" ,"hovel" ,"hover" ,"howdy" ,"Hoyle" ,"Hrolf" ,"Hsian" ,"hubby" ,"Hubel" ,"hudud" ,"huffy" ,"hulky" ,"hullo" ,"human" ,"humic" ,"humid" ,"humin" ,"humor" ,"humus" ,"Hunan" ,"hunch" ,"Hurok" ,"Huron" ,"hurry" ,"husky" ,"hussy" ,"hutch" ,"hydra" ,"hyena" ,"hymen" ,"hymie" ,"hyoid" ,"hypha" ,"hyrax" ,"hyson" ,"ianfu" ,"Ibert" ,"Ibsen" ,"icaco" ,"ichor" ,"icily" ,"icing" ,"ictal" ,"ictic" ,"ictus" ,"Idaho" ,"ideal" ,"idiom" ,"idiot" ,"idler" ,"idyll" ,"Igigi" ,"igloo" ,"ilama" ,"ileum" ,"ileus" ,"iliac" ,"Iliad" ,"Ilion" ,"ilium" ,"Ilmen" ,"ilxxx" ,"image" ,"imago" ,"imaum" ,"imbed" ,"imbue" ,"imide" ,"immix" ,"impel" ,"imply" ,"inane" ,"inapt" ,"Incan" ,"incur" ,"incus" ,"index" ,"India" ,"Indic" ,"indie" ,"Indra" ,"indri" ,"indue" ,"Indus" ,"inept" ,"inert" ,"infer" ,"infix" ,"infra" ,"Inger" ,"ingot" ,"inion" ,"Injun" ,"inkle" ,"inlay" ,"inlet" ,"inner" ,"input" ,"inset" ,"inter" ,"intro" ,"Inuit" ,"inula" ,"inure" ,"Invar" ,"iodin" ,"Ionia" ,"Ionic" ,"Iowan" ,"Ioway" ,"Ipsus" ,"Iraki" ,"Irani" ,"Iraqi" ,"irate" ,"Irena" ,"Irish" ,"irons" ,"irony" ,"Irula" ,"Isaac" ,"Isere" ,"Islam" ,"Islay" ,"islet" ,"issue" ,"Issus" ,"Italy" ,"itchy" ,"ivied" ,"ivory" ,"Iyyar" ,"Izmir" ,"jabot" ,"jacks" ,"Jacob" ,"jaded" ,"Jafar" ,"Jaffa" ,"jaggy" ,"jagua" ,"jakes" ,"James" ,"Janus" ,"japan" ,"Jason" ,"jaunt" ,"Javan" ,"jawan" ,"jazzy" ,"jehad" ,"jello" ,"jelly" ,"jemmy" ,"jenny" ,"Jerez" ,"jerky" ,"Jerry" ,"Jesus" ,"jetty" ,"jewel" ,"Jewry" ,"Jidda" ,"jiffy" ,"jihad" ,"jimmy" ,"jingo" ,"Jinja" ,"jinks" ,"jinni" ,"jiqui" ,"Jirga" ,"Johns" ,"joint" ,"joist" ,"joker" ,"jolly" ,"jolty" ,"Jonah" ,"Jones" ,"Joppa" ,"jorum" ,"Josue" ,"Jotun" ,"Joule" ,"joust" ,"jowly" ,"Joyce" ,"Judah" ,"judas" ,"Judea" ,"judge" ,"juice" ,"juicy" ,"julep" ,"jumbo" ,"jumpy" ,"junco" ,"junky" ,"junta" ,"junto" ,"jural" ,"juror" ,"Kaaba" ,"kabob" ,"Kabul" ,"Kadai" ,"Kafir" ,"Kafka" ,"kalif" ,"Kalka" ,"Kalki" ,"Kamba" ,"Kamet" ,"Kamia" ,"kanaf" ,"Kandy" ,"Kansa" ,"Kansu" ,"kanzu" ,"kapok" ,"kappa" ,"Karat" ,"Karen" ,"karma" ,"Karok" ,"Kasai" ,"kasha" ,"Katar" ,"Kauai" ,"kauri" ,"kaury" ,"kayak" ,"Kazak" ,"Kazan" ,"kazoo" ,"Keats" ,"kebab" ,"Keble" ,"Kelly" ,"kelpy" ,"kempt" ,"kenaf" ,"Kenya" ,"Kesey" ,"ketch" ,"keyed" ,"khadi" ,"khaki" ,"Khama" ,"Khaya" ,"Khios" ,"Khmer" ,"khoum" ,"Khuen" ,"kiaat" ,"kiang" ,"kiddy" ,"kiley" ,"kinda" ,"kinin" ,"kinky" ,"kiosk" ,"Kiowa" ,"kitty" ,"kitul" ,"Klein" ,"klick" ,"Klimt" ,"Kline" ,"klutz" ,"knack" ,"knave" ,"knawe" ,"knead" ,"kneel" ,"knell" ,"knife" ,"knish" ,"knock" ,"knoll" ,"knout" ,"known" ,"koala" ,"Kobus" ,"Kogia" ,"koine" ,"Kokka" ,"Kolam" ,"Kongo" ,"Konoe" ,"kooky" ,"kopek" ,"kopje" ,"Koran" ,"Korda" ,"Korea" ,"Kotar" ,"Kotex" ,"kotow" ,"Kovna" ,"Kovno" ,"kraal" ,"kraft" ,"krait" ,"Kraut" ,"Krebs" ,"krill" ,"Kriti" ,"krona" ,"krone" ,"kroon" ,"Kroto" ,"krubi" ,"Krupp" ,"kudos" ,"kudzu" ,"Kulun" ,"kumis" ,"Kursk" ,"kurta" ,"Kurux" ,"Kusan" ,"kutch" ,"kvass" ,"kweek" ,"kwela" ,"Kwell" ,"kylie" ,"kylix" ,"Kyoto" ,"Kyyiv" ,"Laban" ,"label" ,"labor" ,"laced" ,"lacer" ,"laden" ,"Ladin" ,"ladle" ,"lagan" ,"lager" ,"Lagos" ,"lahar" ,"laird" ,"laity" ,"Laius" ,"lally" ,"lamia" ,"Lamna" ,"lanai" ,"lance" ,"Laney" ,"Lange" ,"lanky" ,"lansa" ,"lapel" ,"lapin" ,"lapse" ,"larch" ,"large" ,"largo" ,"larid" ,"Larix" ,"Larus" ,"larva" ,"laser" ,"Lasix" ,"Lassa" ,"lasso" ,"latch" ,"later" ,"latex" ,"lathe" ,"lathi" ,"Latin" ,"latke" ,"latte" ,"Laudo" ,"laugh" ,"laver" ,"laxly" ,"layby" ,"layer" ,"Layia" ,"layup" ,"lazar" ,"Lazio" ,"leach" ,"leafy" ,"leaky" ,"learn" ,"Leary" ,"lease" ,"leash" ,"least" ,"leave" ,"ledge" ,"Ledum" ,"leech" ,"Leeds" ,"leery" ,"lefty" ,"legal" ,"Leger" ,"leggy" ,"legin" ,"Lehar" ,"Leigh" ,"lemma" ,"Lemna" ,"lemon" ,"lemur" ,"Lendl" ,"Lenin" ,"lense" ,"lento" ,"leone" ,"Lepas" ,"leper" ,"leppy" ,"Lepus" ,"lerot" ,"letch" ,"Lethe" ,"letup" ,"levee" ,"level" ,"lever" ,"levis" ,"Lewis" ,"lexis" ,"Leyte" ,"Lhasa" ,"liana" ,"Libby" ,"libel" ,"Libra" ,"Libya" ,"lichi" ,"licit" ,"lidar" ,"Liege" ,"lifer" ,"ligan" ,"liger" ,"light" ,"ligne" ,"liked" ,"liken" ,"lilac" ,"Lille" ,"liman" ,"Limax" ,"limbo" ,"limen" ,"limey" ,"limit" ,"limpa" ,"linac" ,"lindy" ,"lined" ,"linen" ,"liner" ,"lingo" ,"linin" ,"links" ,"Linum" ,"Linux" ,"lipid" ,"Lippi" ,"lisle" ,"Liszt" ,"litas" ,"liter" ,"lithe" ,"litre" ,"liven" ,"liver" ,"livid" ,"llama" ,"llano" ,"Lloyd" ,"loach" ,"loads" ,"loamy" ,"loasa" ,"loath" ,"lobar" ,"lobby" ,"lobed" ,"local" ,"Locke" ,"locum" ,"locus" ,"lodge" ,"loess" ,"Loewe" ,"Loewi" ,"lofty" ,"Logan" ,"logic" ,"Logos" ,"lohan" ,"loins" ,"Loire" ,"lolly" ,"Lonas" ,"loner" ,"loofa" ,"loony" ,"loopy" ,"loose" ,"Lopid" ,"Lorca" ,"Loren" ,"Lorre" ,"lorry" ,"loser" ,"lossy" ,"lotic" ,"lotte" ,"lotto" ,"lotus" ,"lough" ,"Louis" ,"loupe" ,"louse" ,"lousy" ,"loved" ,"lover" ,"Lovoa" ,"lowan" ,"lower" ,"lowly" ,"Lowry" ,"Loxia" ,"loyal" ,"Lozal" ,"Lucas" ,"lucid" ,"lucky" ,"lucre" ,"luffa" ,"Luger" ,"Lulli" ,"Lully" ,"lumen" ,"lumma" ,"lumpy" ,"lunar" ,"lunch" ,"Lunda" ,"lunge" ,"lungi" ,"lupin" ,"Lupus" ,"lurch" ,"lurid" ,"lusty" ,"Lutra" ,"Luxor" ,"Luyia" ,"Luzon" ,"lviii" ,"lxiii" ,"lxvii" ,"lxxii" ,"lxxiv" ,"lxxvi" ,"lxxxi" ,"lxxxv" ,"lycee" ,"Lycia" ,"Lydia" ,"Lygus" ,"lying" ,"lymph" ,"lynch" ,"Lyons" ,"lyric" ,"lysin" ,"lysis" ,"Lysol" ,"lyssa" ,"Macao" ,"Macau" ,"macaw" ,"macer" ,"macho" ,"macon" ,"macro" ,"madam" ,"Madia" ,"madly" ,"mafia" ,"Magha" ,"magic" ,"magma" ,"magus" ,"Mahan" ,"mahoe" ,"Maidu" ,"Maine" ,"maize" ,"major" ,"maker" ,"Makin" ,"Malay" ,"maleo" ,"malik" ,"Malmo" ,"Malta" ,"Malto" ,"Malus" ,"Malva" ,"mamba" ,"Mamet" ,"mamey" ,"mamma" ,"mammy" ,"manat" ,"Manda" ,"Mande" ,"Manes" ,"Manet" ,"mange" ,"mango" ,"mangy" ,"mania" ,"manic" ,"Manis" ,"manky" ,"manly" ,"manna" ,"manor" ,"manse" ,"Mansi" ,"manta" ,"manul" ,"manus" ,"Maori" ,"maple" ,"Marat" ,"march" ,"marge" ,"maria" ,"Marks" ,"marly" ,"Maroc" ,"marri" ,"marry" ,"marsh" ,"Marti" ,"marum" ,"Marut" ,"Masai" ,"maser" ,"Mashi" ,"Mason" ,"masse" ,"matai" ,"match" ,"mated" ,"mater" ,"mates" ,"matey" ,"maths" ,"matte" ,"matzo" ,"maund" ,"mauve" ,"maven" ,"mavin" ,"mavis" ,"maxim" ,"Mayan" ,"maybe" ,"Mayer" ,"mayor" ,"mazed" ,"mazer" ,"McKim" ,"Meade" ,"mealy" ,"means" ,"meany" ,"meaty" ,"mecca" ,"medal" ,"Medan" ,"Medea" ,"medic" ,"Medoc" ,"Melba" ,"melee" ,"Meles" ,"Melia" ,"melon" ,"Memel" ,"Mensa" ,"mensh" ,"mercy" ,"merge" ,"merit" ,"merle" ,"merry" ,"mesic" ,"meson" ,"messy" ,"Mesua" ,"metal" ,"meter" ,"metic" ,"metis" ,"metre" ,"metro" ,"Meuse" ,"mezzo" ,"MFLOP" ,"Miami" ,"miaou" ,"miaow" ,"Micah" ,"micro" ,"Midas" ,"middy" ,"midge" ,"midst" ,"might" ,"Milan" ,"milch" ,"miler" ,"milky" ,"Mills" ,"Milne" ,"mimeo" ,"mimer" ,"mimic" ,"Mimir" ,"Mimus" ,"minah" ,"mince" ,"mined" ,"miner" ,"minge" ,"mingy" ,"minim" ,"minor" ,"Minos" ,"Minsk" ,"minus" ,"mired" ,"mirid" ,"mirky" ,"mirth" ,"misdo" ,"miser" ,"missy" ,"misty" ,"miter" ,"Mitra" ,"mitre" ,"Miwok" ,"mixed" ,"mixer" ,"mizen" ,"MLitt" ,"Mnium" ,"Moban" ,"mocha" ,"modal" ,"model" ,"modem" ,"mogul" ,"moire" ,"moist" ,"moksa" ,"molal" ,"molar" ,"moldy" ,"molle" ,"molly" ,"molto" ,"Molva" ,"momma" ,"mommy" ,"Momos" ,"momot" ,"Momus" ,"monad" ,"monal" ,"monas" ,"Monet" ,"money" ,"mongo" ,"Monod" ,"monte" ,"month" ,"mooch" ,"Moody" ,"moony" ,"Moore" ,"moose" ,"moped" ,"mopes" ,"moral" ,"moray" ,"morel" ,"mores" ,"moron" ,"morph" ,"Morse" ,"Morta" ,"Morus" ,"Mosan" ,"Moses" ,"mosey" ,"mossy" ,"Mosul" ,"motel" ,"motet" ,"mothy" ,"motif" ,"motor" ,"motto" ,"mould" ,"moult" ,"mound" ,"mount" ,"mourn" ,"mouse" ,"mousy" ,"mouth" ,"mover" ,"movie" ,"mower" ,"moxie" ,"msasa" ,"mucin" ,"mucky" ,"mucor" ,"mucus" ,"muddy" ,"mudra" ,"mufti" ,"muggy" ,"Mugil" ,"mujik" ,"mulch" ,"mulct" ,"mules" ,"Mulla" ,"Mulwi" ,"mummy" ,"mumps" ,"munch" ,"Munda" ,"munja" ,"Munro" ,"mural" ,"murky" ,"murre" ,"Musca" ,"Musci" ,"muser" ,"Musgu" ,"mushy" ,"music" ,"musky" ,"mussy" ,"musth" ,"musty" ,"muted" ,"muton" ,"muzzy" ,"Mwera" ,"Mylar" ,"mynah" ,"myoid" ,"myoma" ,"myope" ,"myrrh" ,"Mysis" ,"nabob" ,"nacho" ,"nacre" ,"nadir" ,"Nahum" ,"naiad" ,"Naias" ,"Naiki" ,"naira" ,"naive" ,"Najas" ,"naked" ,"named" ,"namer" ,"names" ,"Nammu" ,"Namoi" ,"Nampa" ,"Namur" ,"Nanak" ,"nance" ,"Nancy" ,"nandu" ,"Nanna" ,"nanny" ,"nanus" ,"Naomi" ,"Napea" ,"nappy" ,"Naqua" ,"nardo" ,"naris" ,"nasal" ,"nasty" ,"Nasua" ,"Natal" ,"nates" ,"Natta" ,"natty" ,"nauch" ,"Nauru" ,"naval" ,"navel" ,"navvy" ,"nawab" ,"needs" ,"needy" ,"Negev" ,"Negro" ,"negus" ,"Nehru" ,"neigh" ,"Nemea" ,"Nepal" ,"Nerva" ,"nerve" ,"Nervi" ,"nervy" ,"never" ,"Nevis" ,"nevus" ,"newel" ,"newly" ,"newsy" ,"nexus" ,"Nguni" ,"ngwee" ,"nicad" ,"niche" ,"NIDDM" ,"nidus" ,"niece" ,"niffy" ,"nifty" ,"Niger" ,"nigga" ,"Night" ,"nigra" ,"Nihau" ,"nihil" ,"Nihon" ,"NIMBY" ,"niner" ,"Ninib" ,"ninja" ,"ninny" ,"ninon" ,"ninth" ,"Nintu" ,"nippy" ,"niqab" ,"Nisan" ,"nisus" ,"niter" ,"nitid" ,"nitre" ,"Nixon" ,"Njord" ,"NNRTI" ,"Nobel" ,"noble" ,"nobly" ,"Noemi" ,"nohow" ,"noise" ,"noisy" ,"nomad" ,"nomia" ,"nonce" ,"nones" ,"nooky" ,"noose" ,"nopal" ,"Noreg" ,"Norge" ,"noria" ,"Norma" ,"Norse" ,"North" ,"Noruz" ,"nosed" ,"nosey" ,"notch" ,"noted" ,"novel" ,"Noyes" ,"NSAID" ,"nubby" ,"Nubia" ,"nucha" ,"nudge" ,"numen" ,"nurse" ,"Nusku" ,"nutty" ,"nyala" ,"nylon" ,"nymph" ,"Nyssa" ,"oaken" ,"oakum" ,"oasis" ,"oaten" ,"Oates" ,"obeah" ,"obese" ,"Occam" ,"occur" ,"ocean" ,"ocher" ,"Ochna" ,"Ochoa" ,"ochre" ,"octad" ,"octal" ,"octet" ,"oddly" ,"Odesa" ,"Odets" ,"odium" ,"odour" ,"offal" ,"offer" ,"often" ,"Ogden" ,"ogive" ,"ogler" ,"ohmic" ,"oiled" ,"oiler" ,"okapi" ,"olden" ,"older" ,"oldie" ,"olein" ,"olive" ,"Olmec" ,"ology" ,"Omaha" ,"Omani" ,"omega" ,"Omiya" ,"Onega" ,"onion" ,"onset" ,"oomph" ,"ootid" ,"opepe" ,"opera" ,"opine" ,"opium" ,"opsin" ,"Optez" ,"optic" ,"orach" ,"orang" ,"orate" ,"orbit" ,"Orcus" ,"Orczy" ,"order" ,"Oread" ,"organ" ,"oriel" ,"Orion" ,"Oriya" ,"Orlon" ,"orlop" ,"ormer" ,"Orono" ,"orpin" ,"orris" ,"Oryza" ,"Osage" ,"Osaka" ,"Oscan" ,"Oscar" ,"osier" ,"other" ,"ottar" ,"otter" ,"Ouija" ,"Oujda" ,"ounce" ,"ousel" ,"outdo" ,"outer" ,"outgo" ,"outre" ,"ouzel" ,"ovary" ,"ovate" ,"overt" ,"ovine" ,"ovoid" ,"ovolo" ,"Ovral" ,"ovule" ,"Owens" ,"owlet" ,"owned" ,"owner" ,"oxbow" ,"oxeye" ,"oxide" ,"oxime" ,"oxlip" ,"Ozawa" ,"ozena" ,"ozone" ,"Pabir" ,"pacer" ,"pacha" ,"Padda" ,"paddy" ,"Padre" ,"Padua" ,"paean" ,"PAGAD" ,"pagan" ,"pager" ,"Paget" ,"Paige" ,"Paine" ,"pains" ,"paint" ,"paisa" ,"palas" ,"Palau" ,"pally" ,"palmy" ,"palsy" ,"Panax" ,"panda" ,"panel" ,"panga" ,"panic" ,"Pansa" ,"pansy" ,"panto" ,"pants" ,"panty" ,"papal" ,"papaw" ,"paper" ,"Papio" ,"pappa" ,"Papua" ,"parch" ,"parer" ,"Paris" ,"Parji" ,"parka" ,"Parks" ,"parky" ,"parry" ,"parse" ,"Parsi" ,"parts" ,"party" ,"Parus" ,"parve" ,"parvo" ,"Pasch" ,"paseo" ,"pasha" ,"passe" ,"pasta" ,"paste" ,"Pasto" ,"pasty" ,"patas" ,"patch" ,"pater" ,"patio" ,"patka" ,"Paton" ,"patsy" ,"patty" ,"Pauli" ,"pause" ,"pavan" ,"paved" ,"pavis" ,"pawer" ,"pawky" ,"Paxil" ,"Paxto" ,"payee" ,"payer" ,"PDFLP" ,"peace" ,"peach" ,"peaky" ,"pearl" ,"Peary" ,"peaty" ,"peavy" ,"pecan" ,"Pecos" ,"pedal" ,"peeve" ,"pekan" ,"pekoe" ,"Pelew" ,"penal" ,"Pengo" ,"penis" ,"penne" ,"penni" ,"penny" ,"peony" ,"peppy" ,"Pepsi" ,"Pepys" ,"Perca" ,"perch" ,"Percy" ,"peril" ,"perky" ,"Peron" ,"perry" ,"Perth" ,"Pesah" ,"pesky" ,"petal" ,"peter" ,"petty" ,"pewee" ,"pewit" ,"Pfalz" ,"phage" ,"phase" ,"phial" ,"phlox" ,"Phoca" ,"phone" ,"phony" ,"photo" ,"phyle" ,"physa" ,"piano" ,"Picea" ,"pichi" ,"picky" ,"picot" ,"picul" ,"Picus" ,"piece" ,"pieta" ,"piety" ,"piggy" ,"Pigmy" ,"pilaf" ,"pilar" ,"pilau" ,"pilaw" ,"Pilea" ,"piled" ,"piles" ,"pilot" ,"pilus" ,"pinch" ,"pinko" ,"pinky" ,"pinna" ,"pinny" ,"pinon" ,"Pinot" ,"Pinsk" ,"pinto" ,"Pinus" ,"pious" ,"pipal" ,"piper" ,"pipes" ,"pipet" ,"pipit" ,"Pipra" ,"pipul" ,"pique" ,"piste" ,"Pisum" ,"pitch" ,"pithy" ,"piton" ,"pitta" ,"Piute" ,"pivot" ,"pixel" ,"pixie" ,"pizza" ,"place" ,"plage" ,"plaid" ,"plain" ,"plait" ,"plane" ,"plank" ,"Plano" ,"plant" ,"plash" ,"plasm" ,"plate" ,"Plath" ,"Plato" ,"platy" ,"plaza" ,"plead" ,"pleat" ,"plebe" ,"plica" ,"plier" ,"Pliny" ,"ploce" ,"plonk" ,"pluck" ,"plumb" ,"plume" ,"plump" ,"plumy" ,"plunk" ,"plush" ,"Pluto" ,"plyer" ,"Plzen" ,"poach" ,"podgy" ,"poesy" ,"pogey" ,"pogge" ,"poilu" ,"point" ,"poise" ,"poker" ,"pokey" ,"polar" ,"poler" ,"polio" ,"polka" ,"polls" ,"polyp" ,"pommy" ,"Ponca" ,"ponce" ,"Pongo" ,"Ponka" ,"pooch" ,"poove" ,"poppy" ,"porch" ,"porgy" ,"porno" ,"porta" ,"Porte" ,"Porto" ,"posed" ,"poser" ,"posit" ,"posse" ,"Potos" ,"potto" ,"potty" ,"pouch" ,"pound" ,"power" ,"poyou" ,"Praha" ,"Praia" ,"prang" ,"prank" ,"prate" ,"prawn" ,"praya" ,"preen" ,"press" ,"prexy" ,"Priam" ,"price" ,"prick" ,"pricy" ,"pride" ,"Prima" ,"prime" ,"primo" ,"primp" ,"prink" ,"print" ,"prion" ,"prior" ,"prise" ,"prism" ,"privy" ,"prize" ,"probe" ,"prole" ,"prone" ,"prong" ,"pronk" ,"proof" ,"props" ,"prose" ,"prosy" ,"proud" ,"prove" ,"Provo" ,"prowl" ,"proxy" ,"prude" ,"prune" ,"pruno" ,"psalm" ,"pseud" ,"psoas" ,"psyop" ,"Ptyas" ,"pubes" ,"pubic" ,"pubis" ,"pucka" ,"pudge" ,"pudgy" ,"puffy" ,"Pugin" ,"pukka" ,"Pulex" ,"pulpy" ,"pulse" ,"pumps" ,"punch" ,"Punic" ,"punks" ,"punky" ,"pupal" ,"pupil" ,"puppy" ,"purau" ,"puree" ,"purge" ,"Purim" ,"purse" ,"pursy" ,"Purus" ,"Pusan" ,"Pusey" ,"pushy" ,"pusly" ,"pussy" ,"Putin" ,"putty" ,"Pydna" ,"Pygmy" ,"pylon" ,"Pyrex" ,"Pyrus" ,"pyxie" ,"pyxis" ,"Qaeda" ,"Qatar" ,"qepiq" ,"Qiang" ,"Qibla" ,"quack" ,"quaff" ,"quail" ,"quake" ,"qualm" ,"quark" ,"quart" ,"quash" ,"queen" ,"queer" ,"quell" ,"quern" ,"query" ,"quest" ,"queue" ,"quick" ,"quiet" ,"quiff" ,"quill" ,"quilt" ,"Quine" ,"quint" ,"quipu" ,"quira" ,"quire" ,"quirk" ,"quirt" ,"quite" ,"Quito" ,"quits" ,"quoin" ,"quoit" ,"quota" ,"quote" ,"Quran" ,"Rabat" ,"Rabbi" ,"rabid" ,"racer" ,"racon" ,"radar" ,"radio" ,"radix" ,"radon" ,"rafts" ,"ragee" ,"rails" ,"rainy" ,"raise" ,"raita" ,"Rajab" ,"rajah" ,"rally" ,"ramee" ,"ramie" ,"ramus" ,"ranch" ,"randy" ,"ranee" ,"range" ,"rangy" ,"ranid" ,"raped" ,"raper" ,"raphe" ,"rapid" ,"Rasht" ,"raspy" ,"Rasta" ,"ratan" ,"ratch" ,"ratel" ,"rates" ,"ratio" ,"ratty" ,"ravel" ,"raven" ,"raver" ,"rayon" ,"razed" ,"razor" ,"reach" ,"react" ,"ready" ,"realm" ,"rearm" ,"reata" ,"reave" ,"rebel" ,"rebus" ,"rebut" ,"recap" ,"recce" ,"recco" ,"reccy" ,"recto" ,"recur" ,"redly" ,"redox" ,"reedy" ,"reefy" ,"reeve" ,"refer" ,"refit" ,"regal" ,"regur" ,"Reich" ,"reify" ,"reign" ,"Reims" ,"reins" ,"rejig" ,"relax" ,"relay" ,"relic" ,"remit" ,"Remus" ,"renal" ,"renew" ,"renin" ,"rente" ,"repay" ,"repel" ,"reply" ,"repot" ,"rerun" ,"reset" ,"resew" ,"Resht" ,"resid" ,"resin" ,"retch" ,"retem" ,"retie" ,"retro" ,"retry" ,"reuse" ,"revel" ,"revet" ,"revue" ,"Reyes" ,"Rhein" ,"Rheum" ,"Rhine" ,"rhino" ,"rhomb" ,"Rhone" ,"rhumb" ,"rhyme" ,"riant" ,"riata" ,"Ribes" ,"ricer" ,"ricin" ,"rider" ,"ridge" ,"rifle" ,"Rigel" ,"right" ,"rigid" ,"Rigil" ,"rigor" ,"riled" ,"Riley" ,"Rilke" ,"rimed" ,"rings" ,"rinse" ,"Rioja" ,"ripen" ,"risen" ,"riser" ,"risky" ,"Rissa" ,"ritzy" ,"rival" ,"river" ,"rivet" ,"riyal" ,"RNase" ,"roach" ,"roads" ,"roast" ,"robed" ,"robin" ,"roble" ,"robot" ,"rocky" ,"rodeo" ,"Rodin" ,"Roget" ,"rogue" ,"roily" ,"Rollo" ,"roman" ,"Romeo" ,"rondo" ,"Roneo" ,"roofy" ,"rooms" ,"roomy" ,"roost" ,"roots" ,"roper" ,"ropey" ,"rophy" ,"rosin" ,"rotor" ,"rouge" ,"rough" ,"round" ,"rouse" ,"route" ,"rover" ,"rowan" ,"rowdy" ,"rowel" ,"rower" ,"royal" ,"rubel" ,"Rubia" ,"ruble" ,"rubor" ,"Rubus" ,"ruddy" ,"Rudra" ,"rugby" ,"ruled" ,"ruler" ,"rumba" ,"rumen" ,"Rumex" ,"rummy" ,"rumor" ,"runch" ,"runic" ,"runny" ,"runty" ,"runup" ,"rupee" ,"rural" ,"rushy" ,"rusty" ,"rutty" ,"Saale" ,"Sabah" ,"Sabal" ,"saber" ,"Sabin" ,"sable" ,"sabot" ,"sabra" ,"sabre" ,"Sacco" ,"Sadat" ,"sadhe" ,"sadhu" ,"sadly" ,"Safar" ,"sahib" ,"Saida" ,"saiga" ,"saint" ,"Sakti" ,"salad" ,"salah" ,"salai" ,"salal" ,"salat" ,"Salem" ,"sales" ,"Salim" ,"Salix" ,"sally" ,"salmi" ,"Salmo" ,"salol" ,"salon" ,"salpa" ,"salsa" ,"salty" ,"salve" ,"salvo" ,"saman" ,"samba" ,"Samia" ,"Samoa" ,"Sanaa" ,"sands" ,"sandy" ,"Sango" ,"Saone" ,"sapid" ,"Sapir" ,"sappy" ,"Sarah" ,"saran" ,"Sarda" ,"saree" ,"sarin" ,"sassy" ,"Satan" ,"sated" ,"Satie" ,"satin" ,"satyr" ,"sauce" ,"saucy" ,"Saudi" ,"sauna" ,"saury" ,"saute" ,"saved" ,"saver" ,"savin" ,"savor" ,"savoy" ,"savvy" ,"Sawan" ,"Saxon" ,"scads" ,"scald" ,"scale" ,"scalp" ,"scaly" ,"scamp" ,"scant" ,"scape" ,"scare" ,"scarf" ,"scarp" ,"scary" ,"scaup" ,"scend" ,"scene" ,"scent" ,"schmo" ,"schwa" ,"scion" ,"scoff" ,"scoke" ,"scold" ,"scone" ,"scoop" ,"scoot" ,"scope" ,"score" ,"scorn" ,"Scots" ,"Scott" ,"scour" ,"scout" ,"scowl" ,"scrag" ,"scram" ,"scrap" ,"scree" ,"screw" ,"scrim" ,"scrip" ,"scrod" ,"scrub" ,"scrum" ,"scuba" ,"scuff" ,"scull" ,"scurf" ,"scute" ,"seamy" ,"seats" ,"sebum" ,"sedan" ,"Seder" ,"sedge" ,"sedgy" ,"sedum" ,"seedy" ,"Segal" ,"segno" ,"segue" ,"seine" ,"seism" ,"seize" ,"Selar" ,"Seles" ,"Selma" ,"selva" ,"semen" ,"senna" ,"Senor" ,"sense" ,"sente" ,"Seoul" ,"sepal" ,"Sepia" ,"Serax" ,"Serer" ,"serge" ,"serif" ,"serin" ,"serow" ,"Serra" ,"serum" ,"serve" ,"servo" ,"Seton" ,"setup" ,"seven" ,"sever" ,"sewed" ,"sewer" ,"sexed" ,"shabu" ,"shack" ,"shade" ,"shady" ,"shaft" ,"Shahn" ,"shake" ,"shako" ,"shaky" ,"shale" ,"shame" ,"Shang" ,"shank" ,"shape" ,"shard" ,"share" ,"Shari" ,"shark" ,"sharp" ,"shave" ,"shawl" ,"shawm" ,"Shawn" ,"sheaf" ,"shear" ,"sheen" ,"sheep" ,"sheer" ,"sheet" ,"sheik" ,"shelf" ,"shell" ,"Shema" ,"sherd" ,"Shiah" ,"shift" ,"shill" ,"Shina" ,"shine" ,"shiny" ,"shire" ,"shirk" ,"shirr" ,"shirt" ,"shite" ,"Shiva" ,"shlep" ,"shoal" ,"shoat" ,"shock" ,"shoed" ,"shoes" ,"shogi" ,"shoji" ,"shook" ,"shoot" ,"shore" ,"shorn" ,"short" ,"shout" ,"shove" ,"showy" ,"shred" ,"shrew" ,"shrub" ,"shrug" ,"shtik" ,"shtup" ,"shuck" ,"Shuha" ,"shunt" ,"shush" ,"Shute" ,"shyly" ,"sibyl" ,"sidle" ,"Sidon" ,"siege" ,"sieve" ,"sigeh" ,"sight" ,"sigma" ,"Sigyn" ,"Silex" ,"silks" ,"silky" ,"Sills" ,"silly" ,"silty" ,"silva" ,"simal" ,"Simon" ,"Sinai" ,"sinew" ,"singe" ,"sinus" ,"Sioux" ,"siren" ,"siris" ,"sirup" ,"sisal" ,"Sison" ,"sissu" ,"sissy" ,"sitar" ,"Sitka" ,"Sitta" ,"Sivan" ,"Siwan" ,"sixer" ,"sixth" ,"sixty" ,"sized" ,"skank" ,"skate" ,"Skeat" ,"skeet" ,"skein" ,"skier" ,"skiff" ,"skill" ,"skimp" ,"skink" ,"skint" ,"skirl" ,"skirt" ,"skive" ,"Skuld" ,"skulk" ,"skull" ,"skunk" ,"slack" ,"slain" ,"slake" ,"slang" ,"slant" ,"slash" ,"Slask" ,"slate" ,"slaty" ,"slave" ,"sleek" ,"sleep" ,"sleet" ,"slews" ,"slice" ,"slick" ,"slide" ,"slime" ,"slimy" ,"sling" ,"slink" ,"sloop" ,"slope" ,"slops" ,"slosh" ,"sloth" ,"slump" ,"slurp" ,"slush" ,"slyly" ,"smack" ,"small" ,"smarm" ,"smart" ,"smash" ,"smear" ,"smell" ,"smelt" ,"smile" ,"smilo" ,"smirk" ,"smite" ,"smith" ,"smock" ,"smoke" ,"smoky" ,"Smuts" ,"snack" ,"snafu" ,"snail" ,"snake" ,"snaky" ,"snare" ,"snarf" ,"snarl" ,"Snead" ,"sneak" ,"sneer" ,"snick" ,"snide" ,"sniff" ,"snipe" ,"snips" ,"snood" ,"snook" ,"snoop" ,"snoot" ,"snore" ,"snort" ,"snout" ,"snowy" ,"snuff" ,"soapy" ,"Soave" ,"sober" ,"socle" ,"soddy" ,"Sodom" ,"Sofia" ,"softy" ,"soggy" ,"solan" ,"solar" ,"Solea" ,"soled" ,"solfa" ,"solid" ,"solon" ,"solve" ,"soman" ,"Somme" ,"sonar" ,"sonic" ,"sonny" ,"sonsy" ,"sooth" ,"sooty" ,"soppy" ,"Sorex" ,"sorgo" ,"sorry" ,"sorus" ,"Sotho" ,"sough" ,"sound" ,"Sousa" ,"souse" ,"South" ,"sower" ,"space" ,"spacy" ,"spade" ,"Spain" ,"spall" ,"spang" ,"spank" ,"spare" ,"spark" ,"spasm" ,"spate" ,"spats" ,"spawl" ,"spawn" ,"speak" ,"spear" ,"speck" ,"specs" ,"speed" ,"Speer" ,"Speke" ,"spell" ,"spelt" ,"spend" ,"spent" ,"sperm" ,"Spica" ,"spice" ,"spick" ,"spicy" ,"spiel" ,"spiff" ,"spike" ,"spiky" ,"spile" ,"spill" ,"spine" ,"spiny" ,"spire" ,"spirt" ,"spite" ,"spitz" ,"splat" ,"splay" ,"split" ,"Spock" ,"Spode" ,"spoil" ,"spoke" ,"spoof" ,"spook" ,"spool" ,"spoon" ,"spoor" ,"spore" ,"Spork" ,"sport" ,"spots" ,"spout" ,"sprag" ,"sprat" ,"spray" ,"spree" ,"sprig" ,"sprit" ,"sprog" ,"sprue" ,"spume" ,"spumy" ,"spunk" ,"spurn" ,"spurt" ,"squab" ,"squad" ,"squat" ,"squaw" ,"squib" ,"squid" ,"stack" ,"Stael" ,"staff" ,"stage" ,"stagy" ,"staid" ,"stain" ,"stair" ,"stake" ,"stale" ,"stalk" ,"stall" ,"stamp" ,"stand" ,"staph" ,"stare" ,"stark" ,"Starr" ,"start" ,"stash" ,"state" ,"stave" ,"stays" ,"stead" ,"steak" ,"steal" ,"steam" ,"steed" ,"steel" ,"steep" ,"steer" ,"stein" ,"stela" ,"stele" ,"stent" ,"steps" ,"stern" ,"stick" ,"stiff" ,"stile" ,"still" ,"stilt" ,"sting" ,"stink" ,"stint" ,"stipe" ,"stirk" ,"stoat" ,"stock" ,"stoep" ,"Stoic" ,"stoke" ,"stole" ,"stoma" ,"stomp" ,"stone" ,"stony" ,"stool" ,"stoop" ,"stops" ,"store" ,"stork" ,"storm" ,"story" ,"stoup" ,"stout" ,"stove" ,"Stowe" ,"Strad" ,"strap" ,"straw" ,"stray" ,"strep" ,"strew" ,"stria" ,"strip" ,"Strix" ,"strop" ,"strum" ,"strut" ,"stuck" ,"study" ,"stuff" ,"stump" ,"stung" ,"stunt" ,"style" ,"stymy" ,"suave" ,"Sucre" ,"Sudan" ,"sudor" ,"sudra" ,"sudsy" ,"suede" ,"suety" ,"sugar" ,"suite" ,"Sukur" ,"sulfa" ,"sulky" ,"Sulla" ,"Sully" ,"sumac" ,"Sumer" ,"Sunna" ,"Sunni" ,"sunny" ,"sunup" ,"Suomi" ,"super" ,"supra" ,"surge" ,"surly" ,"Surya" ,"Susah" ,"sushi" ,"sutra" ,"swage" ,"swain" ,"swami" ,"swamp" ,"swank" ,"sward" ,"swarm" ,"swart" ,"swash" ,"swath" ,"Swazi" ,"swear" ,"sweat" ,"swede" ,"sweep" ,"sweet" ,"swell" ,"swept" ,"swift" ,"swill" ,"swine" ,"swing" ,"swipe" ,"swirl" ,"swish" ,"Swiss" ,"swoon" ,"swoop" ,"sword" ,"sworn" ,"swosh" ,"sylph" ,"sylva" ,"Synge" ,"synod" ,"Syria" ,"syrup" ,"Szell" ,"tabby" ,"tabes" ,"tabis" ,"table" ,"taboo" ,"tabor" ,"Tabuk" ,"tabun" ,"Tacca" ,"tacit" ,"tacky" ,"Taegu" ,"taffy" ,"Tagus" ,"tails" ,"taint" ,"taira" ,"Tajik" ,"taken" ,"taker" ,"takin" ,"talks" ,"talky" ,"tally" ,"talon" ,"talus" ,"tamed" ,"tamer" ,"Tamil" ,"tammy" ,"Tampa" ,"Tamus" ,"Taney" ,"tanga" ,"Tange" ,"tango" ,"tangy" ,"tanka" ,"tansy" ,"taped" ,"taper" ,"tapir" ,"tapis" ,"tappa" ,"tardy" ,"tarot" ,"tarry" ,"Tartu" ,"tasse" ,"Tasso" ,"taste" ,"tasty" ,"Tatar" ,"tater" ,"tatou" ,"tatty" ,"Tatum" ,"taunt" ,"tauon" ,"taupe" ,"tawny" ,"tawse" ,"taxer" ,"taxis" ,"taxon" ,"Taxus" ,"tayra" ,"Tchad" ,"Teach" ,"tears" ,"teary" ,"tease" ,"Tebet" ,"techy" ,"teddy" ,"teens" ,"teeny" ,"teeth" ,"teiid" ,"tekki" ,"telco" ,"telex" ,"telly" ,"tempo" ,"tempt" ,"tench" ,"tenet" ,"tenge" ,"tenia" ,"tenno" ,"tenon" ,"tenor" ,"tense" ,"tenth" ,"tepal" ,"tepee" ,"Tepic" ,"tepid" ,"teras" ,"terce" ,"teres" ,"terms" ,"terry" ,"terse" ,"Tesla" ,"testa" ,"testy" ,"tetra" ,"tetri" ,"Tevet" ,"Texan" ,"Texas" ,"thane" ,"thank" ,"Tharp" ,"thebe" ,"theca" ,"theft" ,"Theia" ,"theme" ,"there" ,"therm" ,"theta" ,"thick" ,"thief" ,"thigh" ,"thill" ,"thing" ,"think" ,"third" ,"thole" ,"thong" ,"thorn" ,"Thoth" ,"three" ,"thrip" ,"throb" ,"throe" ,"throw" ,"thrum" ,"Thuja" ,"Thule" ,"thumb" ,"thump" ,"thunk" ,"thyme" ,"tiara" ,"Tiber" ,"Tibet" ,"tibia" ,"Tibur" ,"tical" ,"tidal" ,"tiger" ,"tight" ,"tigon" ,"tilde" ,"tiled" ,"tiler" ,"Tilia" ,"tilth" ,"timed" ,"timer" ,"times" ,"timid" ,"Timor" ,"Timur" ,"Tinca" ,"tinct" ,"Tinea" ,"tined" ,"tinge" ,"tinny" ,"tippy" ,"tipsy" ,"tired" ,"Tirol" ,"Titan" ,"titer" ,"tithe" ,"title" ,"titre" ,"titty" ,"Titus" ,"tiyin" ,"tizzy" ,"toady" ,"toast" ,"Tobey" ,"Tobin" ,"Tobit" ,"today" ,"toddy" ,"Todea" ,"Todus" ,"toffy" ,"Tokay" ,"token" ,"Tokio" ,"Tokyo" ,"tonal" ,"toned" ,"toner" ,"Tonga" ,"tongs" ,"tonic" ,"tonne" ,"tonus" ,"Toona" ,"tooth" ,"topaz" ,"topee" ,"toper" ,"topic" ,"topos" ,"toque" ,"Torah" ,"torch" ,"torsk" ,"torso" ,"torte" ,"torus" ,"total" ,"totem" ,"toter" ,"touch" ,"tough" ,"toupe" ,"towel" ,"tower" ,"towny" ,"toxic" ,"toxin" ,"toyon" ,"trace" ,"track" ,"tract" ,"Tracy" ,"trade" ,"trail" ,"train" ,"trait" ,"tramp" ,"Trapa" ,"trash" ,"trave" ,"trawl" ,"tread" ,"treat" ,"treck" ,"treed" ,"Trema" ,"trend" ,"Trent" ,"tress" ,"trews" ,"triad" ,"trial" ,"tribe" ,"trice" ,"trick" ,"tried" ,"trier" ,"Triga" ,"trike" ,"trill" ,"trine" ,"tripe" ,"trite" ,"troat" ,"troll" ,"troop" ,"trope" ,"troth" ,"trout" ,"trove" ,"truce" ,"truck" ,"truly" ,"trump" ,"trunk" ,"truss" ,"trust" ,"truth" ,"tryst" ,"tsine" ,"Tsuga" ,"tubal" ,"tubby" ,"tubed" ,"Tuber" ,"Tudor" ,"tulip" ,"tulle" ,"Tully" ,"Tulsa" ,"tumid" ,"tummy" ,"tumor" ,"tuned" ,"tuner" ,"Tunga" ,"tunic" ,"Tunis" ,"tunny" ,"tupek" ,"tupik" ,"Turin" ,"Turki" ,"turps" ,"tutee" ,"tutor" ,"Tutsi" ,"twain" ,"twang" ,"tweak" ,"tweed" ,"tweet" ,"twerp" ,"twice" ,"twill" ,"twine" ,"Twins" ,"twirl" ,"twirp" ,"twist" ,"Tyche" ,"tying" ,"tyiyn" ,"Tyler" ,"typed" ,"Typha" ,"typic" ,"Tyrol" ,"Tyson" ,"Tzara" ,"Ubykh" ,"udder" ,"Ugric" ,"Uigur" ,"ukase" ,"ulama" ,"ulcer" ,"ulema" ,"Ulmus" ,"ulnar" ,"ultra" ,"umbel" ,"umber" ,"umbra" ,"Ummah" ,"unarm" ,"unary" ,"unbar" ,"unbid" ,"unbox" ,"uncle" ,"uncus" ,"uncut" ,"under" ,"undue" ,"unfed" ,"unfit" ,"Uniat" ,"unify" ,"union" ,"unite" ,"unity" ,"unlax" ,"unlit" ,"unman" ,"unpin" ,"unsay" ,"unsex" ,"untie" ,"unwed" ,"unzip" ,"upend" ,"upper" ,"upset" ,"Upupa" ,"Urals" ,"urate" ,"urban" ,"urial" ,"urine" ,"Ursus" ,"usage" ,"Usbeg" ,"Usbek" ,"Ushas" ,"usher" ,"using" ,"Uskub" ,"Usnea" ,"usual" ,"Usuli" ,"usurp" ,"usury" ,"Utica" ,"utile" ,"utter" ,"uveal" ,"uvula" ,"Uygur" ,"Uzbak" ,"Uzbeg" ,"Uzbek" ,"Vaduz" ,"vagal" ,"vague" ,"vagus" ,"Vajra" ,"valet" ,"valid" ,"Valmy" ,"valor" ,"valse" ,"value" ,"valve" ,"vanda" ,"vaned" ,"Vanir" ,"vapid" ,"vapor" ,"varan" ,"varix" ,"varna" ,"Varro" ,"varus" ,"vatic" ,"vault" ,"vaunt" ,"Vedic" ,"veery" ,"vegan" ,"velar" ,"veldt" ,"velum" ,"venal" ,"venom" ,"venue" ,"Venus" ,"Vepse" ,"Verdi" ,"verge" ,"Verne" ,"Verpa" ,"verse" ,"verso" ,"verst" ,"vertu" ,"verve" ,"Vesey" ,"Vespa" ,"Vesta" ,"vetch" ,"vexed" ,"vexer" ,"viand" ,"vibes" ,"vicar" ,"Vichy" ,"Vicia" ,"Vidal" ,"Vidar" ,"video" ,"Vidua" ,"vigil" ,"Vigna" ,"vigor" ,"villa" ,"Vilna" ,"Vilno" ,"Vinca" ,"vinyl" ,"viola" ,"Vioxx" ,"viper" ,"viral" ,"vireo" ,"virga" ,"Virgo" ,"virtu" ,"virus" ,"visit" ,"visor" ,"vista" ,"vital" ,"Vitis" ,"Vitus" ,"vivid" ,"vixen" ,"vizla" ,"vizor" ,"vocal" ,"vodka" ,"vogue" ,"Vogul" ,"voice" ,"voile" ,"volar" ,"Volga" ,"Volta" ,"volva" ,"vomer" ,"vomit" ,"voter" ,"vouch" ,"vouge" ,"vowel" ,"vower" ,"vroom" ,"vulva" ,"wacko" ,"wacky" ,"wader" ,"wafer" ,"wager" ,"wages" ,"wagon" ,"wahoo" ,"waist" ,"waive" ,"Wajda" ,"waken" ,"waker" ,"Wales" ,"Wally" ,"waltz" ,"wanly" ,"wares" ,"Warji" ,"warty" ,"washy" ,"waste" ,"watch" ,"water" ,"Watts" ,"Waugh" ,"waver" ,"waxed" ,"waxen" ,"Wayne" ,"weald" ,"weary" ,"weave" ,"webby" ,"Weber" ,"wedge" ,"weeds" ,"weedy" ,"weeny" ,"weepy" ,"weigh" ,"Weill" ,"Weird" ,"Wells" ,"Welsh" ,"Welty" ,"wench" ,"whack" ,"whale" ,"whang" ,"wharf" ,"wheal" ,"wheat" ,"wheel" ,"whelk" ,"whelm" ,"whelp" ,"where" ,"whiff" ,"while" ,"whine" ,"whiny" ,"whirl" ,"whirr" ,"whish" ,"whisk" ,"whist" ,"white" ,"whizz" ,"whole" ,"whomp" ,"whoop" ,"whore" ,"whorl" ,"widen" ,"widow" ,"width" ,"wield" ,"Wight" ,"Wilde" ,"Wilno" ,"wimpy" ,"wince" ,"winch" ,"windy" ,"winey" ,"wings" ,"wiper" ,"wired" ,"wirer" ,"wispy" ,"witch" ,"withe" ,"withy" ,"witty" ,"wizen" ,"Wodan" ,"Woden" ,"Wolfe" ,"Wolff" ,"Wolof" ,"woman" ,"wonky" ,"woods" ,"woody" ,"wooer" ,"Woolf" ,"wooly" ,"woozy" ,"words" ,"wordy" ,"works" ,"world" ,"wormy" ,"worry" ,"worse" ,"worst" ,"worth" ,"Wotan" ,"wound" ,"woven" ,"wrack" ,"wrath" ,"wrawl" ,"wreak" ,"wreck" ,"wrest" ,"wrick" ,"wring" ,"wrist" ,"write" ,"wrong" ,"wroth" ,"wryly" ,"Wuhan" ,"Wyatt" ,"Wyeth" ,"Wyler" ,"Wylie" ,"Xanax" ,"xciii" ,"xcvii" ,"xenon" ,"xeric" ,"Xerox" ,"Xhosa" ,"xliii" ,"xlvii" ,"XVIII" ,"XXIII" ,"XXVII" ,"xxxii" ,"xxxiv" ,"xxxvi" ,"xylem" ,"xylol" ,"Xyris" ,"yacca" ,"yacht" ,"Yahoo" ,"Yahve" ,"Yahwe" ,"Yakut" ,"Yalta" ,"Yanan" ,"Yazoo" ,"yearn" ,"years" ,"yeast" ,"Yeats" ,"Yeddo" ,"Yemen" ,"yenta" ,"yield" ,"yobbo" ,"yodel" ,"yogic" ,"yokel" ,"young" ,"youth" ,"Ypres" ,"Yquem" ,"yucca" ,"yucky" ,"Yukon" ,"Yuman" ,"yummy" ,"Zaire" ,"zakat" ,"zaman" ,"zamia" ,"Zapus" ,"Zaria" ,"Zarqa" ,"zayin" ,"zebra" ,"Zeppo" ,"zesty" ,"zilch" ,"zippy" ,"zloty" ,"Zocor" ,"Zomba" ,"zombi" ,"zonal" ,"zooid" ,"zoril" ,"Zweig" ,}